{
	"info": {
		"_postman_id": "1eb1e0e6-8981-4edb-8166-00866d87c1eb",
		"name": "Projet restAURANT API",
		"schema": "https://schema.getpostman.com/json/collection/v2.1.0/collection.json",
		"_exporter_id": "30699863"
	},
	"item": [
		{
			"name": "New Request",
			"request": {
				"method": "GET",
				"header": [],
				"url": {
					"raw": "http://localhost:500/itemcat?parameters=item_price<5",
					"protocol": "http",
					"host": [
						"localhost"
					],
					"port": "500",
					"path": [
						"itemcat"
					],
					"query": [
						{
							"key": "parameters",
							"value": "item_price<5"
						}
					]
				}
			},
			"response": [
				{
					"name": "items",
					"originalRequest": {
						"method": "GET",
						"header": [],
						"url": {
							"raw": "http://localhost:500/items",
							"protocol": "http",
							"host": [
								"localhost"
							],
							"port": "500",
							"path": [
								"items"
							]
						}
					},
					"status": "OK",
					"code": 200,
					"_postman_previewlanguage": "json",
					"header": [
						{
							"key": "X-Powered-By",
							"value": "Express"
						},
						{
							"key": "Content-Type",
							"value": "application/json; charset=utf-8"
						},
						{
							"key": "Content-Length",
							"value": "3104"
						},
						{
							"key": "ETag",
							"value": "W/\"c20-o4R4s0nbYk4bWPdbVf1hYcmFytY\""
						},
						{
							"key": "Date",
							"value": "Thu, 26 Oct 2023 20:10:57 GMT"
						},
						{
							"key": "Connection",
							"value": "keep-alive"
						},
						{
							"key": "Keep-Alive",
							"value": "timeout=5"
						}
					],
					"cookie": [],
					"body": "[\n    {\n        \"item_id\": 1,\n        \"item_description\": \"Lorem ipsum dolor sit amet, sit audire recusabo complectitur eu.\",\n        \"item_name\": \"GREEK SALAD\",\n        \"item_price\": 5,\n        \"ids\": \"1\"\n    },\n    {\n        \"item_id\": 2,\n        \"item_description\": \"Pellentesque nec nulla non urna\\nIduCIUUS idAllUo oCu euo\",\n        \"item_name\": \"TORTILLA ESPAÑOLA\",\n        \"item_price\": 4.5,\n        \"ids\": \"1\"\n    },\n    {\n        \"item_id\": 3,\n        \"item_description\": \"Lorem ipsum dolor sit amet, sit audire\\nFeCuSdbo comoectitur eu\",\n        \"item_name\": \"OLIVAS RELLENAS\",\n        \"item_price\": 6,\n        \"ids\": \"1\"\n    },\n    {\n        \"item_id\": 4,\n        \"item_description\": \"Pellentesque nec nulla non urna\\nTaucious maximus in seo telus.\",\n        \"item_name\": \"VERDURAS CON OLIVADA\",\n        \"item_price\": 6.5,\n        \"ids\": \"1\"\n    },\n    {\n        \"item_id\": 5,\n        \"item_description\": \"Pellentesque nec nulla non urna faucibus maximus in sed tellus.\",\n        \"item_name\": \"LASAGNE\",\n        \"item_price\": 3,\n        \"ids\": \"1\"\n    },\n    {\n        \"item_id\": 6,\n        \"item_description\": \"Lorem ipsum dolor sit amet, sit audire recusabo complectitur eu.\",\n        \"item_name\": \"LENGUADO\",\n        \"item_price\": 12,\n        \"ids\": \"2\"\n    },\n    {\n        \"item_id\": 7,\n        \"item_description\": \"Lorem ipsum dolor sit amet, sit audire recusado compiectitur eu.\",\n        \"item_name\": \"BACALAO FRITO\",\n        \"item_price\": 7,\n        \"ids\": \"2\"\n    },\n    {\n        \"item_id\": 8,\n        \"item_description\": \"Lorem ipsum dolor sit amet, sit audire recusabo complectitur eu.\",\n        \"item_name\": \"PAELLA MIXTA\",\n        \"item_price\": 8.5,\n        \"ids\": \"2\"\n    },\n    {\n        \"item_id\": 9,\n        \"item_description\": \"Lorem ipsum dolor sit amet, sit\\nduullereuusduu culloicoutu cu\",\n        \"item_name\": \"LOMO DE SALMON\",\n        \"item_price\": 11.5,\n        \"ids\": \"2\"\n    },\n    {\n        \"item_id\": 10,\n        \"item_description\": \"Pellentesque nec nulla non urna\\nToucious maxImus tenus.\",\n        \"item_name\": \"POLLO AL HORNO\",\n        \"item_price\": 8,\n        \"ids\": \"2\"\n    },\n    {\n        \"item_id\": 11,\n        \"item_description\": \"delicious fries\",\n        \"item_name\": \"FRIES\",\n        \"item_price\": 2,\n        \"ids\": \"3\"\n    },\n    {\n        \"item_id\": 12,\n        \"item_description\": \"delicious potateos\",\n        \"item_name\": \"PEPPER POTATOES\",\n        \"item_price\": 7,\n        \"ids\": \"3\"\n    },\n    {\n        \"item_id\": 13,\n        \"item_description\": \"delicious salad\",\n        \"item_name\": \"GREEN SALAD\",\n        \"item_price\": 2,\n        \"ids\": \"3\"\n    },\n    {\n        \"item_id\": 14,\n        \"item_description\": \"delicious coleslaw\",\n        \"item_name\": \"COLESLAW\",\n        \"item_price\": 2,\n        \"ids\": \"3\"\n    },\n    {\n        \"item_id\": 15,\n        \"item_description\": \"delicious jacket potato\",\n        \"item_name\": \"JACKET POTATO\",\n        \"item_price\": 3,\n        \"ids\": \"3\"\n    },\n    {\n        \"item_id\": 16,\n        \"item_description\": \"delicious banna split\",\n        \"item_name\": \"BANANA SPLIT\",\n        \"item_price\": 9,\n        \"ids\": \"5\"\n    },\n    {\n        \"item_id\": 17,\n        \"item_description\": \"delicious coockies\",\n        \"item_name\": \"COOKIE DELIGHT\",\n        \"item_price\": 9,\n        \"ids\": \"5\"\n    },\n    {\n        \"item_id\": 18,\n        \"item_description\": \"delicious apple pie\",\n        \"item_name\": \"APPLE PIE\",\n        \"item_price\": 6,\n        \"ids\": \"5\"\n    },\n    {\n        \"item_id\": 19,\n        \"item_description\": \"delicious chocolate muffin\",\n        \"item_name\": \"CHOCOLATE MUFFIN\",\n        \"item_price\": 1.5,\n        \"ids\": \"5\"\n    },\n    {\n        \"item_id\": 20,\n        \"item_description\": \"FROM ITALIA\",\n        \"item_name\": \"TIRAMISU\",\n        \"item_price\": 5.5,\n        \"ids\": \"5\"\n    },\n    {\n        \"item_id\": 21,\n        \"item_description\": \"lipton\",\n        \"item_name\": \"ICE TEA\",\n        \"item_price\": 2.5,\n        \"ids\": \"4\"\n    },\n    {\n        \"item_id\": 22,\n        \"item_description\": \"cristaline\",\n        \"item_name\": \"BOTTLED WATER\",\n        \"item_price\": 1.5,\n        \"ids\": \"4\"\n    },\n    {\n        \"item_id\": 23,\n        \"item_description\": \"kumis tea\",\n        \"item_name\": \"TEA OR COFFEE\",\n        \"item_price\": 1.5,\n        \"ids\": \"4\"\n    },\n    {\n        \"item_id\": 24,\n        \"item_description\": \"delicious bear\",\n        \"item_name\": \"BEER\",\n        \"item_price\": 2,\n        \"ids\": \"4\"\n    },\n    {\n        \"item_id\": 25,\n        \"item_description\": \"delicious glass of red wine\",\n        \"item_name\": \"GLASS OF RED WINE\",\n        \"item_price\": 4,\n        \"ids\": \"4\"\n    }\n]"
				},
				{
					"name": "formula",
					"originalRequest": {
						"method": "GET",
						"header": [],
						"url": {
							"raw": "http://localhost:500/formula",
							"protocol": "http",
							"host": [
								"localhost"
							],
							"port": "500",
							"path": [
								"formula"
							]
						}
					},
					"status": "OK",
					"code": 200,
					"_postman_previewlanguage": "json",
					"header": [
						{
							"key": "X-Powered-By",
							"value": "Express"
						},
						{
							"key": "Content-Type",
							"value": "application/json; charset=utf-8"
						},
						{
							"key": "Content-Length",
							"value": "247"
						},
						{
							"key": "ETag",
							"value": "W/\"f7-oqcQTkT8+0KQsaYR7vof5+Dl86U\""
						},
						{
							"key": "Date",
							"value": "Thu, 26 Oct 2023 20:11:41 GMT"
						},
						{
							"key": "Connection",
							"value": "keep-alive"
						},
						{
							"key": "Keep-Alive",
							"value": "timeout=5"
						}
					],
					"cookie": [],
					"body": "[\n    {\n        \"formula_id\": 1,\n        \"categories_in_formula\": \"STARTER AND MAIN\",\n        \"formula_price\": 15,\n        \"formula_name\": \"CLASSIC\",\n        \"name\": null\n    },\n    {\n        \"formula_id\": 2,\n        \"categories_in_formula\": \"STARTER AND MAIN AND DESSERT\",\n        \"formula_price\": 20,\n        \"formula_name\": \"FULL PACK\",\n        \"name\": null\n    }\n]"
				},
				{
					"name": "category/starters",
					"originalRequest": {
						"method": "GET",
						"header": [],
						"url": {
							"raw": "http://localhost:500/category/starters",
							"protocol": "http",
							"host": [
								"localhost"
							],
							"port": "500",
							"path": [
								"category",
								"starters"
							]
						}
					},
					"status": "OK",
					"code": 200,
					"_postman_previewlanguage": "json",
					"header": [
						{
							"key": "X-Powered-By",
							"value": "Express"
						},
						{
							"key": "Content-Type",
							"value": "application/json; charset=utf-8"
						},
						{
							"key": "Content-Length",
							"value": "421"
						},
						{
							"key": "ETag",
							"value": "W/\"1a5-6unGJzwxOQbuK0kEKvRlnd3Xr2E\""
						},
						{
							"key": "Date",
							"value": "Thu, 26 Oct 2023 20:12:55 GMT"
						},
						{
							"key": "Connection",
							"value": "keep-alive"
						},
						{
							"key": "Keep-Alive",
							"value": "timeout=5"
						}
					],
					"cookie": [],
					"body": "[\n    {\n        \"category_name\": \"STARTERS\",\n        \"ids\": \"1\",\n        \"item_name\": \"GREEK SALAD\",\n        \"item_price\": 5\n    },\n    {\n        \"category_name\": \"STARTERS\",\n        \"ids\": \"1\",\n        \"item_name\": \"TORTILLA ESPAÑOLA\",\n        \"item_price\": 4.5\n    },\n    {\n        \"category_name\": \"STARTERS\",\n        \"ids\": \"1\",\n        \"item_name\": \"OLIVAS RELLENAS\",\n        \"item_price\": 6\n    },\n    {\n        \"category_name\": \"STARTERS\",\n        \"ids\": \"1\",\n        \"item_name\": \"VERDURAS CON OLIVADA\",\n        \"item_price\": 6.5\n    },\n    {\n        \"category_name\": \"STARTERS\",\n        \"ids\": \"1\",\n        \"item_name\": \"LASAGNE\",\n        \"item_price\": 3\n    }\n]"
				},
				{
					"name": "category/mains",
					"originalRequest": {
						"method": "GET",
						"header": [],
						"url": {
							"raw": "http://localhost:500/category/mains",
							"protocol": "http",
							"host": [
								"localhost"
							],
							"port": "500",
							"path": [
								"category",
								"mains"
							]
						}
					},
					"status": "OK",
					"code": 200,
					"_postman_previewlanguage": "json",
					"header": [
						{
							"key": "X-Powered-By",
							"value": "Express"
						},
						{
							"key": "Content-Type",
							"value": "application/json; charset=utf-8"
						},
						{
							"key": "Content-Length",
							"value": "398"
						},
						{
							"key": "ETag",
							"value": "W/\"18e-vEAiKQ3JhE/DAC+X5m1nVJNkt4w\""
						},
						{
							"key": "Date",
							"value": "Thu, 26 Oct 2023 20:14:34 GMT"
						},
						{
							"key": "Connection",
							"value": "keep-alive"
						},
						{
							"key": "Keep-Alive",
							"value": "timeout=5"
						}
					],
					"cookie": [],
					"body": "[\n    {\n        \"category_name\": \"MAINS\",\n        \"ids\": \"2\",\n        \"item_name\": \"LENGUADO\",\n        \"item_price\": 12\n    },\n    {\n        \"category_name\": \"MAINS\",\n        \"ids\": \"2\",\n        \"item_name\": \"BACALAO FRITO\",\n        \"item_price\": 7\n    },\n    {\n        \"category_name\": \"MAINS\",\n        \"ids\": \"2\",\n        \"item_name\": \"PAELLA MIXTA\",\n        \"item_price\": 8.5\n    },\n    {\n        \"category_name\": \"MAINS\",\n        \"ids\": \"2\",\n        \"item_name\": \"LOMO DE SALMON\",\n        \"item_price\": 11.5\n    },\n    {\n        \"category_name\": \"MAINS\",\n        \"ids\": \"2\",\n        \"item_name\": \"POLLO AL HORNO\",\n        \"item_price\": 8\n    }\n]"
				},
				{
					"name": "category/sides",
					"originalRequest": {
						"method": "GET",
						"header": [],
						"url": {
							"raw": "http://localhost:500/category/sides",
							"protocol": "http",
							"host": [
								"localhost"
							],
							"port": "500",
							"path": [
								"category",
								"sides"
							]
						}
					},
					"status": "OK",
					"code": 200,
					"_postman_previewlanguage": "json",
					"header": [
						{
							"key": "X-Powered-By",
							"value": "Express"
						},
						{
							"key": "Content-Type",
							"value": "application/json; charset=utf-8"
						},
						{
							"key": "Content-Length",
							"value": "383"
						},
						{
							"key": "ETag",
							"value": "W/\"17f-IHVnkN9D00meleO6VwEAtActKdc\""
						},
						{
							"key": "Date",
							"value": "Thu, 26 Oct 2023 20:15:08 GMT"
						},
						{
							"key": "Connection",
							"value": "keep-alive"
						},
						{
							"key": "Keep-Alive",
							"value": "timeout=5"
						}
					],
					"cookie": [],
					"body": "[\n    {\n        \"category_name\": \"SIDES\",\n        \"ids\": \"3\",\n        \"item_name\": \"FRIES\",\n        \"item_price\": 2\n    },\n    {\n        \"category_name\": \"SIDES\",\n        \"ids\": \"3\",\n        \"item_name\": \"PEPPER POTATOES\",\n        \"item_price\": 7\n    },\n    {\n        \"category_name\": \"SIDES\",\n        \"ids\": \"3\",\n        \"item_name\": \"GREEN SALAD\",\n        \"item_price\": 2\n    },\n    {\n        \"category_name\": \"SIDES\",\n        \"ids\": \"3\",\n        \"item_name\": \"COLESLAW\",\n        \"item_price\": 2\n    },\n    {\n        \"category_name\": \"SIDES\",\n        \"ids\": \"3\",\n        \"item_name\": \"JACKET POTATO\",\n        \"item_price\": 3\n    }\n]"
				},
				{
					"name": "category/drinks",
					"originalRequest": {
						"method": "GET",
						"header": [],
						"url": {
							"raw": "http://localhost:500/category/drinks",
							"protocol": "http",
							"host": [
								"localhost"
							],
							"port": "500",
							"path": [
								"category",
								"drinks"
							]
						}
					},
					"status": "OK",
					"code": 200,
					"_postman_previewlanguage": "json",
					"header": [
						{
							"key": "X-Powered-By",
							"value": "Express"
						},
						{
							"key": "Content-Type",
							"value": "application/json; charset=utf-8"
						},
						{
							"key": "Content-Length",
							"value": "396"
						},
						{
							"key": "ETag",
							"value": "W/\"18c-cZqpDnjWRAAEIb2/li2CPJ9SdLk\""
						},
						{
							"key": "Date",
							"value": "Thu, 26 Oct 2023 20:20:38 GMT"
						},
						{
							"key": "Connection",
							"value": "keep-alive"
						},
						{
							"key": "Keep-Alive",
							"value": "timeout=5"
						}
					],
					"cookie": [],
					"body": "[\n    {\n        \"category_name\": \"DRINKS\",\n        \"ids\": \"4\",\n        \"item_name\": \"ICE TEA\",\n        \"item_price\": 2.5\n    },\n    {\n        \"category_name\": \"DRINKS\",\n        \"ids\": \"4\",\n        \"item_name\": \"BOTTLED WATER\",\n        \"item_price\": 1.5\n    },\n    {\n        \"category_name\": \"DRINKS\",\n        \"ids\": \"4\",\n        \"item_name\": \"TEA OR COFFEE\",\n        \"item_price\": 1.5\n    },\n    {\n        \"category_name\": \"DRINKS\",\n        \"ids\": \"4\",\n        \"item_name\": \"BEER\",\n        \"item_price\": 2\n    },\n    {\n        \"category_name\": \"DRINKS\",\n        \"ids\": \"4\",\n        \"item_name\": \"GLASS OF RED WINE\",\n        \"item_price\": 4\n    }\n]"
				},
				{
					"name": "category/desserts",
					"originalRequest": {
						"method": "GET",
						"header": [],
						"url": {
							"raw": "http://localhost:500/category/desserts",
							"protocol": "http",
							"host": [
								"localhost"
							],
							"port": "500",
							"path": [
								"category",
								"desserts"
							]
						}
					},
					"status": "OK",
					"code": 200,
					"_postman_previewlanguage": "json",
					"header": [
						{
							"key": "X-Powered-By",
							"value": "Express"
						},
						{
							"key": "Content-Type",
							"value": "application/json; charset=utf-8"
						},
						{
							"key": "Content-Length",
							"value": "409"
						},
						{
							"key": "ETag",
							"value": "W/\"199-RowW9qFctdeiLqOgaIQddQAoavI\""
						},
						{
							"key": "Date",
							"value": "Thu, 26 Oct 2023 20:21:15 GMT"
						},
						{
							"key": "Connection",
							"value": "keep-alive"
						},
						{
							"key": "Keep-Alive",
							"value": "timeout=5"
						}
					],
					"cookie": [],
					"body": "[\n    {\n        \"category_name\": \"DESSERTS\",\n        \"ids\": \"5\",\n        \"item_name\": \"BANANA SPLIT\",\n        \"item_price\": 9\n    },\n    {\n        \"category_name\": \"DESSERTS\",\n        \"ids\": \"5\",\n        \"item_name\": \"COOKIE DELIGHT\",\n        \"item_price\": 9\n    },\n    {\n        \"category_name\": \"DESSERTS\",\n        \"ids\": \"5\",\n        \"item_name\": \"APPLE PIE\",\n        \"item_price\": 6\n    },\n    {\n        \"category_name\": \"DESSERTS\",\n        \"ids\": \"5\",\n        \"item_name\": \"CHOCOLATE MUFFIN\",\n        \"item_price\": 1.5\n    },\n    {\n        \"category_name\": \"DESSERTS\",\n        \"ids\": \"5\",\n        \"item_name\": \"TIRAMISU\",\n        \"item_price\": 5.5\n    }\n]"
				},
				{
					"name": "item_price<5",
					"originalRequest": {
						"method": "GET",
						"header": [],
						"url": {
							"raw": "http://localhost:500/itemcat?parameters=item_price<5",
							"protocol": "http",
							"host": [
								"localhost"
							],
							"port": "500",
							"path": [
								"itemcat"
							],
							"query": [
								{
									"key": "parameters",
									"value": "item_price<5"
								}
							]
						}
					},
					"status": "OK",
					"code": 200,
					"_postman_previewlanguage": "json",
					"header": [
						{
							"key": "X-Powered-By",
							"value": "Express"
						},
						{
							"key": "Content-Type",
							"value": "application/json; charset=utf-8"
						},
						{
							"key": "Content-Length",
							"value": "1074"
						},
						{
							"key": "ETag",
							"value": "W/\"432-hbaAPG5+BgOgNSm/OqAvgWHuCqg\""
						},
						{
							"key": "Date",
							"value": "Thu, 26 Oct 2023 20:24:29 GMT"
						},
						{
							"key": "Connection",
							"value": "keep-alive"
						},
						{
							"key": "Keep-Alive",
							"value": "timeout=5"
						}
					],
					"cookie": [],
					"body": "[\n    {\n        \"item_name\": \"TORTILLA ESPAÑOLA\",\n        \"item_description\": \"Pellentesque nec nulla non urna\\nIduCIUUS idAllUo oCu euo\",\n        \"item_price\": 4.5\n    },\n    {\n        \"item_name\": \"LASAGNE\",\n        \"item_description\": \"Pellentesque nec nulla non urna faucibus maximus in sed tellus.\",\n        \"item_price\": 3\n    },\n    {\n        \"item_name\": \"FRIES\",\n        \"item_description\": \"delicious fries\",\n        \"item_price\": 2\n    },\n    {\n        \"item_name\": \"GREEN SALAD\",\n        \"item_description\": \"delicious salad\",\n        \"item_price\": 2\n    },\n    {\n        \"item_name\": \"COLESLAW\",\n        \"item_description\": \"delicious coleslaw\",\n        \"item_price\": 2\n    },\n    {\n        \"item_name\": \"JACKET POTATO\",\n        \"item_description\": \"delicious jacket potato\",\n        \"item_price\": 3\n    },\n    {\n        \"item_name\": \"CHOCOLATE MUFFIN\",\n        \"item_description\": \"delicious chocolate muffin\",\n        \"item_price\": 1.5\n    },\n    {\n        \"item_name\": \"ICE TEA\",\n        \"item_description\": \"lipton\",\n        \"item_price\": 2.5\n    },\n    {\n        \"item_name\": \"BOTTLED WATER\",\n        \"item_description\": \"cristaline\",\n        \"item_price\": 1.5\n    },\n    {\n        \"item_name\": \"TEA OR COFFEE\",\n        \"item_description\": \"kumis tea\",\n        \"item_price\": 1.5\n    },\n    {\n        \"item_name\": \"BEER\",\n        \"item_description\": \"delicious bear\",\n        \"item_price\": 2\n    },\n    {\n        \"item_name\": \"GLASS OF RED WINE\",\n        \"item_description\": \"delicious glass of red wine\",\n        \"item_price\": 4\n    }\n]"
				},
				{
					"name": "itemprice>5",
					"originalRequest": {
						"method": "GET",
						"header": [],
						"url": {
							"raw": "http://localhost:500/itemcat?parameters=item_price>5",
							"protocol": "http",
							"host": [
								"localhost"
							],
							"port": "500",
							"path": [
								"itemcat"
							],
							"query": [
								{
									"key": "parameters",
									"value": "item_price>5"
								}
							]
						}
					},
					"status": "OK",
					"code": 200,
					"_postman_previewlanguage": "json",
					"header": [
						{
							"key": "X-Powered-By",
							"value": "Express"
						},
						{
							"key": "Content-Type",
							"value": "application/json; charset=utf-8"
						},
						{
							"key": "Content-Length",
							"value": "1336"
						},
						{
							"key": "ETag",
							"value": "W/\"538-o4O2u765raPFUpPY1vo1DDToVl4\""
						},
						{
							"key": "Date",
							"value": "Thu, 26 Oct 2023 20:25:09 GMT"
						},
						{
							"key": "Connection",
							"value": "keep-alive"
						},
						{
							"key": "Keep-Alive",
							"value": "timeout=5"
						}
					],
					"cookie": [],
					"body": "[\n    {\n        \"item_name\": \"OLIVAS RELLENAS\",\n        \"item_description\": \"Lorem ipsum dolor sit amet, sit audire\\nFeCuSdbo comoectitur eu\",\n        \"item_price\": 6\n    },\n    {\n        \"item_name\": \"VERDURAS CON OLIVADA\",\n        \"item_description\": \"Pellentesque nec nulla non urna\\nTaucious maximus in seo telus.\",\n        \"item_price\": 6.5\n    },\n    {\n        \"item_name\": \"LENGUADO\",\n        \"item_description\": \"Lorem ipsum dolor sit amet, sit audire recusabo complectitur eu.\",\n        \"item_price\": 12\n    },\n    {\n        \"item_name\": \"BACALAO FRITO\",\n        \"item_description\": \"Lorem ipsum dolor sit amet, sit audire recusado compiectitur eu.\",\n        \"item_price\": 7\n    },\n    {\n        \"item_name\": \"PAELLA MIXTA\",\n        \"item_description\": \"Lorem ipsum dolor sit amet, sit audire recusabo complectitur eu.\",\n        \"item_price\": 8.5\n    },\n    {\n        \"item_name\": \"LOMO DE SALMON\",\n        \"item_description\": \"Lorem ipsum dolor sit amet, sit\\nduullereuusduu culloicoutu cu\",\n        \"item_price\": 11.5\n    },\n    {\n        \"item_name\": \"POLLO AL HORNO\",\n        \"item_description\": \"Pellentesque nec nulla non urna\\nToucious maxImus tenus.\",\n        \"item_price\": 8\n    },\n    {\n        \"item_name\": \"PEPPER POTATOES\",\n        \"item_description\": \"delicious potateos\",\n        \"item_price\": 7\n    },\n    {\n        \"item_name\": \"BANANA SPLIT\",\n        \"item_description\": \"delicious banna split\",\n        \"item_price\": 9\n    },\n    {\n        \"item_name\": \"COOKIE DELIGHT\",\n        \"item_description\": \"delicious coockies\",\n        \"item_price\": 9\n    },\n    {\n        \"item_name\": \"APPLE PIE\",\n        \"item_description\": \"delicious apple pie\",\n        \"item_price\": 6\n    },\n    {\n        \"item_name\": \"TIRAMISU\",\n        \"item_description\": \"FROM ITALIA\",\n        \"item_price\": 5.5\n    }\n]"
				},
				{
					"name": "items/id",
					"originalRequest": {
						"method": "GET",
						"header": [],
						"url": {
							"raw": "http://localhost:500/items/2",
							"protocol": "http",
							"host": [
								"localhost"
							],
							"port": "500",
							"path": [
								"items",
								"2"
							]
						}
					},
					"status": "OK",
					"code": 200,
					"_postman_previewlanguage": "json",
					"header": [
						{
							"key": "X-Powered-By",
							"value": "Express"
						},
						{
							"key": "Content-Type",
							"value": "application/json; charset=utf-8"
						},
						{
							"key": "Content-Length",
							"value": "132"
						},
						{
							"key": "ETag",
							"value": "W/\"84-tKpjCZKHO30UVp+SXlvWNRGmuqM\""
						},
						{
							"key": "Date",
							"value": "Thu, 26 Oct 2023 20:25:39 GMT"
						},
						{
							"key": "Connection",
							"value": "keep-alive"
						},
						{
							"key": "Keep-Alive",
							"value": "timeout=5"
						}
					],
					"cookie": [],
					"body": "[\n    {\n        \"item_name\": \"TORTILLA ESPAÑOLA\",\n        \"item_description\": \"Pellentesque nec nulla non urna\\nIduCIUUS idAllUo oCu euo\",\n        \"item_price\": 4.5\n    }\n]"
				},
				{
					"name": "category/id",
					"originalRequest": {
						"method": "GET",
						"header": [],
						"url": {
							"raw": "http://localhost:500/category/2",
							"protocol": "http",
							"host": [
								"localhost"
							],
							"port": "500",
							"path": [
								"category",
								"2"
							]
						}
					},
					"status": "OK",
					"code": 200,
					"_postman_previewlanguage": "json",
					"header": [
						{
							"key": "X-Powered-By",
							"value": "Express"
						},
						{
							"key": "Content-Type",
							"value": "application/json; charset=utf-8"
						},
						{
							"key": "Content-Length",
							"value": "292"
						},
						{
							"key": "ETag",
							"value": "W/\"124-1eKlWk/JqQAcKGJjS+dWTRA6m3g\""
						},
						{
							"key": "Date",
							"value": "Thu, 26 Oct 2023 20:26:05 GMT"
						},
						{
							"key": "Connection",
							"value": "keep-alive"
						},
						{
							"key": "Keep-Alive",
							"value": "timeout=5"
						}
					],
					"cookie": [],
					"body": "[\n    {\n        \"category_name\": \"MAINS\",\n        \"category_description\": \"Illud tamen clausos vehementer angebat quod captis navigiis, quae frumenta vehebant per flumen, Isauri quidem alimentorum copiis adfluebant, ipsi vero solitarum rerum cibos iam consumendo inediae propinquantis aerumnas exitialis horrebant.\"\n    }\n]"
				},
				{
					"name": "formula/id",
					"originalRequest": {
						"method": "GET",
						"header": [],
						"url": {
							"raw": "http://localhost:500/formula/2",
							"protocol": "http",
							"host": [
								"localhost"
							],
							"port": "500",
							"path": [
								"formula",
								"2"
							]
						}
					},
					"status": "OK",
					"code": 200,
					"_postman_previewlanguage": "json",
					"header": [
						{
							"key": "X-Powered-By",
							"value": "Express"
						},
						{
							"key": "Content-Type",
							"value": "application/json; charset=utf-8"
						},
						{
							"key": "Content-Length",
							"value": "77"
						},
						{
							"key": "ETag",
							"value": "W/\"4d-9jrSgFSHg6WGw9t3iTo/1UF3Kw0\""
						},
						{
							"key": "Date",
							"value": "Thu, 26 Oct 2023 20:26:44 GMT"
						},
						{
							"key": "Connection",
							"value": "keep-alive"
						},
						{
							"key": "Keep-Alive",
							"value": "timeout=5"
						}
					],
					"cookie": [],
					"body": "[\n    {\n        \"categories_in_formula\": \"STARTER AND MAIN AND DESSERT\",\n        \"formula_price\": 20\n    }\n]"
				},
				{
					"name": "delitems/id",
					"originalRequest": {
						"method": "DELETE",
						"header": [],
						"url": {
							"raw": "http://localhost:500/delitems/26",
							"protocol": "http",
							"host": [
								"localhost"
							],
							"port": "500",
							"path": [
								"delitems",
								"26"
							]
						}
					},
					"status": "OK",
					"code": 200,
					"_postman_previewlanguage": "json",
					"header": [
						{
							"key": "X-Powered-By",
							"value": "Express"
						},
						{
							"key": "Content-Type",
							"value": "application/json; charset=utf-8"
						},
						{
							"key": "Content-Length",
							"value": "26"
						},
						{
							"key": "ETag",
							"value": "W/\"1a-XGLLoH+vBCql3HTO7bjujBPplDg\""
						},
						{
							"key": "Date",
							"value": "Thu, 26 Oct 2023 20:27:20 GMT"
						},
						{
							"key": "Connection",
							"value": "keep-alive"
						},
						{
							"key": "Keep-Alive",
							"value": "timeout=5"
						}
					],
					"cookie": [],
					"body": "{\n    \"message\": \"Item deleted\"\n}"
				},
				{
					"name": "postf/formu",
					"originalRequest": {
						"method": "DELETE",
						"header": [],
						"url": {
							"raw": "http://localhost:500/delformula/26",
							"protocol": "http",
							"host": [
								"localhost"
							],
							"port": "500",
							"path": [
								"delformula",
								"26"
							]
						}
					},
					"status": "OK",
					"code": 200,
					"_postman_previewlanguage": "json",
					"header": [
						{
							"key": "X-Powered-By",
							"value": "Express"
						},
						{
							"key": "Content-Type",
							"value": "application/json; charset=utf-8"
						},
						{
							"key": "Content-Length",
							"value": "29"
						},
						{
							"key": "ETag",
							"value": "W/\"1d-fATsijyaDxkeMJ5ksM73mlSI2QE\""
						},
						{
							"key": "Date",
							"value": "Thu, 26 Oct 2023 20:28:24 GMT"
						},
						{
							"key": "Connection",
							"value": "keep-alive"
						},
						{
							"key": "Keep-Alive",
							"value": "timeout=5"
						}
					],
					"cookie": [],
					"body": "{\n    \"message\": \"Formula deleted\"\n}"
				},
				{
					"name": "delformula/id",
					"originalRequest": {
						"method": "DELETE",
						"header": [
							{
								"key": "Content-Type",
								"name": "Content-Type",
								"value": "text/plain",
								"type": "text"
							}
						],
						"body": {
							"mode": "raw",
							"raw": "{",
							"options": {
								"raw": {
									"language": "text"
								}
							}
						},
						"url": {
							"raw": "http://localhost:500/delformula/26",
							"protocol": "http",
							"host": [
								"localhost"
							],
							"port": "500",
							"path": [
								"delformula",
								"26"
							]
						}
					},
					"status": "OK",
					"code": 200,
					"_postman_previewlanguage": "json",
					"header": [
						{
							"key": "X-Powered-By",
							"value": "Express"
						},
						{
							"key": "Content-Type",
							"value": "application/json; charset=utf-8"
						},
						{
							"key": "Content-Length",
							"value": "29"
						},
						{
							"key": "ETag",
							"value": "W/\"1d-fATsijyaDxkeMJ5ksM73mlSI2QE\""
						},
						{
							"key": "Date",
							"value": "Thu, 26 Oct 2023 20:33:02 GMT"
						},
						{
							"key": "Connection",
							"value": "keep-alive"
						},
						{
							"key": "Keep-Alive",
							"value": "timeout=5"
						}
					],
					"cookie": [],
					"body": "{\n    \"message\": \"Formula deleted\"\n}"
				},
				{
					"name": "post/formula",
					"originalRequest": {
						"method": "POST",
						"header": [],
						"body": {
							"mode": "raw",
							"raw": "{\n    \"formula_name\": \"new\",\n    \"formula_price\": \"14\"\n\n}",
							"options": {
								"raw": {
									"language": "json"
								}
							}
						},
						"url": {
							"raw": "http://localhost:500/formula",
							"protocol": "http",
							"host": [
								"localhost"
							],
							"port": "500",
							"path": [
								"formula"
							]
						}
					},
					"status": "Created",
					"code": 201,
					"_postman_previewlanguage": "json",
					"header": [
						{
							"key": "X-Powered-By",
							"value": "Express"
						},
						{
							"key": "Content-Type",
							"value": "application/json; charset=utf-8"
						},
						{
							"key": "Content-Length",
							"value": "42"
						},
						{
							"key": "ETag",
							"value": "W/\"2a-q0W9v7XuvypPBpqMQpHva540rm4\""
						},
						{
							"key": "Date",
							"value": "Thu, 26 Oct 2023 20:35:21 GMT"
						},
						{
							"key": "Connection",
							"value": "keep-alive"
						},
						{
							"key": "Keep-Alive",
							"value": "timeout=5"
						}
					],
					"cookie": [],
					"body": "{\n    \"message\": \"Record inserted successfully\"\n}"
				},
				{
					"name": "post/item",
					"originalRequest": {
						"method": "POST",
						"header": [],
						"body": {
							"mode": "raw",
							"raw": "{\n    \"item_name\": \"new\",\n    \"item_price\": 14,\n    \"item_description\": \"Nouvel item\"\n\n}",
							"options": {
								"raw": {
									"language": "json"
								}
							}
						},
						"url": {
							"raw": "http://localhost:500/item",
							"protocol": "http",
							"host": [
								"localhost"
							],
							"port": "500",
							"path": [
								"item"
							]
						}
					},
					"status": "Created",
					"code": 201,
					"_postman_previewlanguage": "json",
					"header": [
						{
							"key": "X-Powered-By",
							"value": "Express"
						},
						{
							"key": "Content-Type",
							"value": "application/json; charset=utf-8"
						},
						{
							"key": "Content-Length",
							"value": "42"
						},
						{
							"key": "ETag",
							"value": "W/\"2a-q0W9v7XuvypPBpqMQpHva540rm4\""
						},
						{
							"key": "Date",
							"value": "Thu, 26 Oct 2023 20:38:14 GMT"
						},
						{
							"key": "Connection",
							"value": "keep-alive"
						},
						{
							"key": "Keep-Alive",
							"value": "timeout=5"
						}
					],
					"cookie": [],
					"body": "{\n    \"message\": \"Record inserted successfully\"\n}"
				}
			]
		}
	]
}